datetime,open,high,low,close,volume,date
2009-09-27 19:11:33,1697.0,1701.0,1694.5,1694.5,1182,2009-09-27
2009-09-27 20:09:24,1694.25,1696.75,1692.0,1692.75,633,2009-09-27
2009-09-27 20:34:38,1692.75,1693.25,1689.5,1692.5,516,2009-09-27
2009-09-27 20:48:45,1692.5,1693.0,1690.25,1691.75,561,2009-09-27
2009-09-27 21:26:14,1691.5,1692.5,1689.25,1689.25,494,2009-09-27
2009-09-27 21:58:29,1689.5,1690.5,1688.0,1690.5,480,2009-09-27
2009-09-27 22:55:15,1690.5,1692.0,1690.0,1691.5,480,2009-09-27
2009-09-27 23:41:20,1691.25,1692.25,1689.75,1689.75,441,2009-09-27
2009-09-27 23:59:09,1689.75,1690.5,1689.0,1689.75,104,2009-09-27
2009-09-28 00:57:29,1690.0,1692.75,1689.25,1691.75,454,2009-09-28
2009-09-28 02:09:46,1692.0,1693.0,1689.5,1692.25,544,2009-09-28
2009-09-28 02:44:35,1692.25,1694.5,1692.0,1692.25,709,2009-09-28
2009-09-28 03:01:09,1692.25,1697.25,1692.25,1696.5,673,2009-09-28
2009-09-28 03:11:01,1696.5,1700.0,1696.0,1697.25,601,2009-09-28
2009-09-28 03:28:24,1697.25,1698.25,1695.5,1695.75,558,2009-09-28
2009-09-28 03:36:59,1695.75,1696.25,1690.75,1691.5,557,2009-09-28
2009-09-28 03:42:28,1691.5,1692.75,1690.25,1690.5,663,2009-09-28
2009-09-28 03:56:20,1690.5,1692.75,1690.0,1691.25,581,2009-09-28
2009-09-28 04:15:21,1691.25,1692.75,1691.0,1692.25,577,2009-09-28
2009-09-28 04:36:20,1692.25,1697.0,1692.0,1696.25,589,2009-09-28
2009-09-28 04:53:10,1696.0,1700.0,1696.0,1697.5,700,2009-09-28
2009-09-28 05:31:58,1697.5,1699.5,1696.5,1698.25,601,2009-09-28
2009-09-28 06:24:26,1698.25,1699.25,1696.75,1699.0,658,2009-09-28
2009-09-28 06:40:45,1699.0,1702.25,1699.0,1700.5,773,2009-09-28
2009-09-28 07:22:08,1700.75,1703.0,1700.0,1703.0,611,2009-09-28
2009-09-28 07:34:34,1703.0,1704.25,1702.25,1703.75,859,2009-09-28
2009-09-28 08:05:24,1703.75,1704.0,1701.75,1703.0,588,2009-09-28
2009-09-28 08:17:17,1703.0,1705.25,1702.75,1704.5,704,2009-09-28
2009-09-28 08:25:49,1705.0,1705.75,1704.0,1705.5,722,2009-09-28
2009-09-28 08:33:40,1705.5,1707.75,1705.0,1707.75,1273,2009-09-28
2009-09-28 08:39:06,1707.75,1708.25,1706.5,1707.0,820,2009-09-28
2009-09-28 08:51:30,1706.75,1707.0,1705.5,1706.5,770,2009-09-28
2009-09-28 08:58:35,1706.5,1706.75,1704.75,1704.75,754,2009-09-28
2009-09-28 09:02:27,1705.0,1705.0,1702.75,1703.5,636,2009-09-28
2009-09-28 09:15:05,1703.5,1705.5,1703.0,1705.0,638,2009-09-28
2009-09-28 09:22:59,1705.0,1705.25,1703.75,1704.5,799,2009-09-28
2009-09-28 09:29:01,1704.25,1704.5,1703.25,1703.25,1004,2009-09-28
2009-09-28 09:30:04,1703.25,1703.25,1701.5,1702.5,1258,2009-09-28
2009-09-28 09:30:42,1702.5,1703.0,1701.25,1702.75,1054,2009-09-28
2009-09-28 09:31:35,1702.75,1703.75,1701.0,1701.0,1090,2009-09-28
2009-09-28 09:32:26,1701.0,1703.75,1700.75,1703.75,930,2009-09-28
2009-09-28 09:33:01,1703.5,1704.5,1702.25,1704.0,1007,2009-09-28
2009-09-28 09:34:40,1704.0,1705.0,1703.5,1703.75,838,2009-09-28
2009-09-28 09:35:25,1703.75,1704.25,1703.25,1703.25,1005,2009-09-28
2009-09-28 09:36:04,1703.25,1707.0,1703.0,1705.25,917,2009-09-28
2009-09-28 09:36:57,1705.5,1707.0,1704.25,1705.5,810,2009-09-28
2009-09-28 09:38:08,1705.5,1706.0,1703.25,1703.5,986,2009-09-28
2009-09-28 09:38:56,1703.5,1704.25,1702.75,1703.5,1132,2009-09-28
2009-09-28 09:39:37,1703.5,1704.25,1702.75,1703.75,1041,2009-09-28
2009-09-28 09:41:29,1703.75,1705.5,1703.5,1705.25,944,2009-09-28
2009-09-28 09:42:18,1705.25,1707.75,1705.25,1707.75,627,2009-09-28
2009-09-28 09:43:02,1707.75,1708.75,1707.5,1708.5,1003,2009-09-28
2009-09-28 09:43:08,1708.75,1711.0,1708.5,1710.75,1319,2009-09-28
2009-09-28 09:43:54,1710.75,1711.0,1710.25,1710.75,953,2009-09-28
2009-09-28 09:44:22,1710.75,1711.25,1710.0,1710.5,1185,2009-09-28
2009-09-28 09:44:43,1710.5,1712.75,1710.5,1712.25,1269,2009-09-28
2009-09-28 09:45:02,1712.25,1714.25,1712.0,1714.25,1330,2009-09-28
2009-09-28 09:45:10,1713.75,1714.5,1713.5,1714.5,1129,2009-09-28
2009-09-28 09:45:27,1714.5,1714.75,1714.0,1714.5,989,2009-09-28
2009-09-28 09:45:43,1714.25,1715.75,1714.0,1715.75,1329,2009-09-28
2009-09-28 09:45:59,1715.5,1716.5,1715.25,1716.5,1345,2009-09-28
2009-09-28 09:46:37,1716.5,1716.75,1715.5,1716.0,882,2009-09-28
2009-09-28 09:47:25,1716.0,1716.5,1715.5,1715.75,696,2009-09-28
2009-09-28 09:48:03,1715.75,1717.0,1715.75,1716.75,1460,2009-09-28
2009-09-28 09:48:41,1716.75,1717.25,1715.75,1716.5,1258,2009-09-28
2009-09-28 09:49:13,1716.5,1716.5,1715.0,1715.25,916,2009-09-28
2009-09-28 09:50:00,1715.25,1715.5,1714.0,1715.25,902,2009-09-28
2009-09-28 09:51:00,1715.25,1716.5,1714.75,1715.75,1225,2009-09-28
2009-09-28 09:52:06,1715.5,1716.25,1715.0,1716.25,1608,2009-09-28
2009-09-28 09:52:47,1716.25,1717.5,1716.0,1717.25,1888,2009-09-28
2009-09-28 09:53:46,1717.5,1718.25,1717.5,1717.5,1282,2009-09-28
2009-09-28 09:55:03,1717.5,1717.75,1716.5,1717.5,1255,2009-09-28
2009-09-28 09:56:16,1717.5,1717.5,1716.25,1716.5,940,2009-09-28
2009-09-28 09:57:44,1716.5,1717.25,1716.0,1716.0,1252,2009-09-28
2009-09-28 09:58:17,1716.0,1716.25,1714.5,1715.0,1203,2009-09-28
2009-09-28 09:59:48,1715.0,1716.5,1715.0,1716.5,1160,2009-09-28
2009-09-28 10:00:14,1716.5,1719.25,1716.0,1719.0,1580,2009-09-28
2009-09-28 10:00:31,1719.0,1720.5,1719.0,1719.75,2249,2009-09-28
2009-09-28 10:01:17,1719.75,1720.75,1719.5,1719.75,1390,2009-09-28
2009-09-28 10:02:16,1720.0,1720.75,1719.5,1720.0,1443,2009-09-28
2009-09-28 10:03:07,1719.75,1722.0,1719.75,1722.0,1142,2009-09-28
2009-09-28 10:03:41,1722.0,1722.75,1721.75,1722.25,1508,2009-09-28
2009-09-28 10:04:31,1722.25,1722.75,1721.75,1722.0,1572,2009-09-28
2009-09-28 10:05:30,1722.0,1722.25,1721.0,1721.75,1180,2009-09-28
2009-09-28 10:06:12,1721.75,1722.0,1719.25,1720.0,1247,2009-09-28
2009-09-28 10:06:52,1720.25,1722.5,1720.0,1722.25,1695,2009-09-28
2009-09-28 10:08:00,1722.25,1723.5,1722.0,1723.0,1006,2009-09-28
2009-09-28 10:09:03,1723.0,1723.75,1721.75,1723.75,1997,2009-09-28
2009-09-28 10:09:57,1723.75,1724.25,1722.5,1723.0,1549,2009-09-28
2009-09-28 10:11:43,1723.0,1723.25,1721.0,1721.0,1164,2009-09-28
2009-09-28 10:13:38,1721.0,1721.5,1720.75,1721.5,1316,2009-09-28
2009-09-28 10:16:15,1721.5,1721.75,1721.0,1721.25,1680,2009-09-28
2009-09-28 10:18:01,1721.25,1722.5,1721.0,1721.0,1354,2009-09-28
2009-09-28 10:19:47,1721.0,1722.0,1721.0,1721.5,1579,2009-09-28
2009-09-28 10:21:36,1721.5,1722.0,1720.5,1721.0,1544,2009-09-28
2009-09-28 10:23:04,1721.0,1723.0,1720.75,1723.0,1586,2009-09-28
2009-09-28 10:24:36,1723.0,1723.75,1721.75,1722.0,1259,2009-09-28
2009-09-28 10:27:48,1722.0,1723.25,1721.25,1721.75,1111,2009-09-28
2009-09-28 10:29:51,1721.75,1723.75,1721.75,1723.5,1373,2009-09-28
2009-09-28 10:30:46,1723.5,1725.0,1723.5,1725.0,2038,2009-09-28
2009-09-28 10:31:43,1725.0,1726.5,1724.75,1726.5,1994,2009-09-28
2009-09-28 10:32:22,1726.5,1727.0,1725.75,1726.0,1701,2009-09-28
2009-09-28 10:33:16,1726.25,1727.5,1726.0,1726.25,1833,2009-09-28
2009-09-28 10:34:37,1726.25,1726.5,1725.5,1726.0,1089,2009-09-28
2009-09-28 10:36:47,1726.0,1726.75,1725.5,1726.5,1792,2009-09-28
2009-09-28 10:39:12,1726.5,1726.75,1724.5,1724.5,1287,2009-09-28
2009-09-28 10:41:40,1724.5,1724.75,1723.5,1724.25,1220,2009-09-28
2009-09-28 10:43:29,1724.25,1725.75,1724.0,1725.0,2154,2009-09-28
2009-09-28 10:47:17,1725.0,1725.5,1724.0,1724.75,1644,2009-09-28
2009-09-28 10:50:00,1724.75,1725.75,1724.5,1725.0,1392,2009-09-28
2009-09-28 10:53:06,1725.0,1725.5,1724.25,1725.5,935,2009-09-28
2009-09-28 10:56:16,1725.5,1726.0,1723.25,1724.25,1146,2009-09-28
2009-09-28 10:59:40,1724.25,1725.5,1723.5,1725.25,1425,2009-09-28
2009-09-28 11:01:12,1725.25,1726.5,1725.25,1726.25,1110,2009-09-28
2009-09-28 11:05:02,1726.0,1726.25,1725.0,1725.5,1117,2009-09-28
2009-09-28 11:07:39,1725.5,1727.25,1725.0,1727.25,1497,2009-09-28
2009-09-28 11:10:12,1727.25,1727.5,1726.5,1727.0,1331,2009-09-28
2009-09-28 11:13:18,1726.75,1726.75,1725.75,1726.0,1098,2009-09-28
2009-09-28 11:17:03,1726.25,1726.25,1724.5,1725.0,1130,2009-09-28
2009-09-28 11:22:32,1725.25,1726.25,1724.75,1726.25,1059,2009-09-28
2009-09-28 11:24:14,1726.25,1727.5,1726.25,1727.5,1803,2009-09-28
2009-09-28 11:25:32,1727.25,1728.25,1726.25,1726.25,1666,2009-09-28
2009-09-28 11:27:58,1726.25,1728.0,1725.75,1727.5,1526,2009-09-28
2009-09-28 11:30:50,1727.75,1728.25,1726.0,1728.25,1475,2009-09-28
2009-09-28 11:31:33,1728.25,1729.25,1728.25,1729.0,1876,2009-09-28
2009-09-28 11:33:48,1729.0,1729.5,1728.0,1729.0,1400,2009-09-28
2009-09-28 11:35:23,1729.25,1729.75,1728.25,1729.5,1606,2009-09-28
2009-09-28 11:39:05,1729.5,1729.5,1728.25,1728.75,1479,2009-09-28
2009-09-28 11:41:41,1729.0,1730.0,1728.25,1729.5,1456,2009-09-28
2009-09-28 11:44:21,1729.75,1729.75,1728.5,1728.75,1537,2009-09-28
2009-09-28 11:49:02,1728.75,1729.5,1728.25,1729.5,1009,2009-09-28
2009-09-28 11:52:27,1729.25,1730.5,1729.25,1729.5,1375,2009-09-28
2009-09-28 11:55:22,1729.5,1731.0,1729.25,1730.75,1466,2009-09-28
2009-09-28 11:58:56,1730.5,1730.75,1729.5,1729.75,1091,2009-09-28
2009-09-28 12:01:45,1729.75,1730.25,1728.75,1730.0,1029,2009-09-28
2009-09-28 12:04:15,1730.0,1731.25,1729.5,1731.25,1160,2009-09-28
2009-09-28 12:06:01,1731.0,1731.75,1730.25,1731.75,1749,2009-09-28
2009-09-28 12:09:00,1731.75,1732.0,1731.25,1731.75,1046,2009-09-28
2009-09-28 12:10:51,1732.0,1732.5,1730.5,1730.5,1426,2009-09-28
2009-09-28 12:14:22,1730.5,1730.5,1729.0,1729.5,850,2009-09-28
2009-09-28 12:21:18,1729.5,1729.75,1728.75,1728.75,955,2009-09-28
2009-09-28 12:25:40,1729.0,1729.5,1728.5,1729.5,1275,2009-09-28
2009-09-28 12:29:42,1729.5,1730.5,1729.5,1729.75,922,2009-09-28
2009-09-28 12:34:18,1729.75,1730.25,1729.0,1729.0,1136,2009-09-28
2009-09-28 12:40:15,1729.0,1730.0,1729.0,1729.5,1219,2009-09-28
2009-09-28 12:43:52,1729.5,1731.25,1729.25,1731.25,1288,2009-09-28
2009-09-28 12:49:20,1731.0,1731.0,1729.75,1730.25,1317,2009-09-28
2009-09-28 12:55:05,1730.25,1730.75,1729.0,1729.5,1036,2009-09-28
2009-09-28 12:58:10,1729.5,1729.5,1727.75,1727.75,995,2009-09-28
2009-09-28 13:00:54,1728.0,1729.25,1727.5,1728.5,923,2009-09-28
2009-09-28 13:05:06,1728.5,1729.25,1728.5,1729.0,996,2009-09-28
2009-09-28 13:09:06,1728.75,1729.0,1727.5,1727.75,840,2009-09-28
2009-09-28 13:13:25,1727.75,1729.0,1727.5,1728.5,1184,2009-09-28
2009-09-28 13:17:32,1728.5,1729.0,1728.0,1728.25,851,2009-09-28
2009-09-28 13:21:54,1728.25,1729.75,1728.25,1728.75,1137,2009-09-28
2009-09-28 13:28:29,1728.75,1729.75,1727.75,1729.75,925,2009-09-28
2009-09-28 13:31:56,1729.5,1731.0,1729.5,1730.75,1227,2009-09-28
2009-09-28 13:37:44,1730.75,1731.25,1729.75,1730.0,823,2009-09-28
2009-09-28 13:41:31,1730.0,1731.25,1729.5,1730.5,1092,2009-09-28
2009-09-28 13:45:08,1730.25,1731.75,1730.25,1730.25,695,2009-09-28
2009-09-28 13:49:04,1730.25,1731.25,1729.5,1729.75,1042,2009-09-28
2009-09-28 13:53:40,1729.75,1730.0,1728.0,1728.25,870,2009-09-28
2009-09-28 13:54:42,1728.25,1728.25,1726.25,1726.75,983,2009-09-28
2009-09-28 13:57:51,1726.75,1727.0,1726.0,1727.0,946,2009-09-28
2009-09-28 14:00:16,1727.0,1727.0,1725.25,1725.75,946,2009-09-28
2009-09-28 14:03:41,1725.75,1727.0,1725.75,1726.25,1027,2009-09-28
2009-09-28 14:07:41,1726.25,1726.5,1724.75,1724.75,1034,2009-09-28
2009-09-28 14:09:14,1724.75,1725.5,1724.25,1724.25,832,2009-09-28
2009-09-28 14:10:16,1724.25,1724.5,1723.5,1723.5,1126,2009-09-28
2009-09-28 14:11:58,1723.5,1723.75,1722.75,1723.0,825,2009-09-28
2009-09-28 14:13:34,1723.25,1724.25,1723.0,1724.25,721,2009-09-28
2009-09-28 14:16:28,1724.0,1724.5,1723.5,1723.75,1091,2009-09-28
2009-09-28 14:19:24,1723.75,1725.5,1723.5,1725.0,896,2009-09-28
2009-09-28 14:23:55,1725.25,1725.75,1724.5,1725.5,1123,2009-09-28
2009-09-28 14:26:40,1725.5,1725.75,1724.0,1724.5,1026,2009-09-28
2009-09-28 14:28:49,1724.75,1726.75,1724.5,1725.75,949,2009-09-28
2009-09-28 14:32:19,1725.75,1726.0,1724.25,1724.25,1275,2009-09-28
2009-09-28 14:35:46,1724.25,1725.25,1724.0,1724.0,804,2009-09-28
2009-09-28 14:37:23,1724.0,1725.0,1723.25,1724.5,1316,2009-09-28
2009-09-28 14:39:59,1724.5,1724.75,1723.25,1724.5,909,2009-09-28
2009-09-28 14:43:51,1724.75,1726.5,1724.75,1726.25,1236,2009-09-28
2009-09-28 14:46:54,1726.5,1726.75,1724.75,1725.25,1175,2009-09-28
2009-09-28 14:51:54,1725.25,1726.0,1724.75,1725.75,963,2009-09-28
2009-09-28 14:56:38,1725.75,1725.75,1724.5,1725.25,769,2009-09-28
2009-09-28 14:59:20,1725.25,1725.75,1724.0,1724.25,1062,2009-09-28
2009-09-28 15:01:45,1724.25,1724.25,1722.25,1722.75,1094,2009-09-28
2009-09-28 15:03:40,1722.75,1723.75,1722.25,1723.5,1036,2009-09-28
2009-09-28 15:08:35,1723.5,1724.0,1723.0,1723.75,1196,2009-09-28
2009-09-28 15:12:31,1723.75,1725.0,1723.5,1724.25,1211,2009-09-28
2009-09-28 15:16:13,1724.25,1724.25,1722.25,1722.75,1010,2009-09-28
2009-09-28 15:18:51,1722.75,1723.75,1722.5,1723.75,911,2009-09-28
2009-09-28 15:21:20,1723.75,1725.25,1723.75,1725.25,858,2009-09-28
2009-09-28 15:24:31,1725.25,1726.25,1725.0,1725.0,986,2009-09-28
2009-09-28 15:28:00,1725.0,1725.75,1724.25,1724.75,972,2009-09-28
2009-09-28 15:31:29,1724.75,1725.0,1723.0,1723.25,563,2009-09-28
2009-09-28 15:35:02,1723.25,1724.5,1723.25,1724.5,795,2009-09-28
2009-09-28 15:37:53,1724.5,1724.5,1723.0,1723.25,942,2009-09-28
2009-09-28 15:42:44,1723.25,1723.5,1723.0,1723.25,667,2009-09-28
2009-09-28 15:44:28,1723.25,1724.0,1722.5,1723.0,1065,2009-09-28
2009-09-28 15:46:05,1723.0,1723.5,1721.5,1721.5,1232,2009-09-28
2009-09-28 15:47:27,1721.5,1722.25,1720.75,1720.75,1039,2009-09-28
2009-09-28 15:49:26,1720.75,1721.75,1720.75,1720.75,1221,2009-09-28
2009-09-28 15:50:30,1720.5,1720.75,1719.25,1719.75,1251,2009-09-28
2009-09-28 15:52:00,1719.5,1721.0,1719.5,1720.75,1210,2009-09-28
2009-09-28 15:53:25,1720.75,1721.75,1720.25,1721.75,1708,2009-09-28
2009-09-28 15:55:12,1721.75,1722.0,1721.0,1721.25,974,2009-09-28
2009-09-28 15:55:59,1721.25,1721.25,1720.0,1720.0,1208,2009-09-28
2009-09-28 15:57:21,1720.0,1720.5,1719.75,1720.25,1614,2009-09-28
2009-09-28 15:58:02,1720.25,1721.25,1720.0,1721.25,1541,2009-09-28
2009-09-28 15:58:41,1721.25,1722.0,1721.25,1722.0,1451,2009-09-28
2009-09-28 15:59:27,1722.0,1723.0,1721.75,1722.75,1757,2009-09-28
2009-09-28 16:00:00,1722.75,1723.5,1722.25,1722.5,2207,2009-09-28
2009-09-28 16:00:49,1722.5,1722.75,1721.75,1721.75,2180,2009-09-28
2009-09-28 16:02:16,1721.75,1722.75,1721.0,1722.5,2105,2009-09-28
2009-09-28 16:04:27,1722.5,1722.5,1720.75,1721.5,1773,2009-09-28
2009-09-28 16:07:19,1721.5,1722.25,1721.0,1721.75,1883,2009-09-28
2009-09-28 16:08:36,1722.0,1723.5,1721.75,1723.25,1108,2009-09-28
2009-09-28 16:10:15,1723.25,1724.25,1722.5,1722.5,1612,2009-09-28
2009-09-28 16:11:16,1722.5,1723.25,1721.75,1722.25,2002,2009-09-28
2009-09-28 16:30:00,1722.25,1722.5,1721.25,1722.5,1870,2009-09-28
2009-09-28 18:20:34,1722.5,1724.25,1722.0,1722.75,1075,2009-09-28
2009-09-28 20:19:24,1722.5,1724.75,1722.0,1722.5,650,2009-09-28
2009-09-28 21:09:39,1722.5,1723.0,1720.25,1721.5,610,2009-09-28
2009-09-28 22:24:14,1721.5,1723.5,1721.0,1723.0,463,2009-09-28
2009-09-28 23:49:05,1723.0,1723.5,1720.5,1721.0,574,2009-09-28
2009-09-28 23:59:28,1721.0,1722.0,1721.0,1722.0,51,2009-09-28
2009-09-29 01:24:27,1722.0,1723.25,1721.75,1723.0,530,2009-09-29
2009-09-29 02:16:24,1723.0,1723.25,1721.0,1721.25,564,2009-09-29
2009-09-29 02:42:48,1721.25,1722.5,1720.5,1721.75,605,2009-09-29
2009-09-29 03:05:47,1721.5,1723.75,1721.25,1721.5,860,2009-09-29
2009-09-29 03:19:57,1721.25,1722.75,1719.5,1720.0,695,2009-09-29
2009-09-29 03:31:18,1719.75,1720.5,1719.25,1720.0,578,2009-09-29
2009-09-29 03:43:36,1720.0,1720.5,1718.25,1719.0,618,2009-09-29
2009-09-29 04:03:41,1719.0,1720.75,1717.5,1717.75,620,2009-09-29
2009-09-29 04:27:33,1717.75,1719.75,1717.5,1719.75,594,2009-09-29
2009-09-29 04:42:29,1719.75,1719.75,1716.75,1717.5,780,2009-09-29
2009-09-29 05:00:38,1717.5,1717.5,1716.75,1717.5,659,2009-09-29
2009-09-29 05:25:24,1717.5,1717.5,1715.25,1715.75,734,2009-09-29
2009-09-29 05:58:24,1715.75,1716.75,1715.25,1716.75,997,2009-09-29
2009-09-29 06:27:39,1716.5,1718.25,1714.0,1714.0,719,2009-09-29
2009-09-29 06:59:50,1714.0,1716.5,1714.0,1716.0,515,2009-09-29
2009-09-29 07:32:50,1716.25,1718.25,1715.25,1718.25,540,2009-09-29
2009-09-29 07:55:56,1718.25,1719.0,1716.5,1717.5,642,2009-09-29
2009-09-29 08:08:16,1717.5,1717.5,1715.0,1716.0,727,2009-09-29
2009-09-29 08:18:55,1716.0,1718.5,1716.0,1718.25,560,2009-09-29
2009-09-29 08:23:43,1718.25,1719.25,1718.0,1719.0,684,2009-09-29
2009-09-29 08:36:59,1719.0,1719.5,1718.25,1719.25,705,2009-09-29
2009-09-29 08:54:14,1719.25,1719.5,1718.5,1719.0,952,2009-09-29
2009-09-29 09:01:04,1719.25,1721.0,1718.75,1721.0,1037,2009-09-29
2009-09-29 09:05:12,1721.0,1722.75,1720.0,1720.0,878,2009-09-29
2009-09-29 09:12:06,1719.75,1722.75,1719.75,1722.5,868,2009-09-29
2009-09-29 09:15:20,1722.5,1725.0,1722.25,1723.75,1051,2009-09-29
2009-09-29 09:22:25,1723.75,1724.0,1722.25,1722.5,642,2009-09-29
2009-09-29 09:27:45,1722.5,1723.5,1722.0,1723.25,710,2009-09-29
2009-09-29 09:30:00,1723.25,1723.5,1721.0,1721.5,1182,2009-09-29
2009-09-29 09:30:07,1721.25,1722.0,1720.0,1721.5,992,2009-09-29
2009-09-29 09:30:45,1721.5,1723.25,1721.5,1722.5,1524,2009-09-29
2009-09-29 09:31:22,1722.5,1723.0,1721.5,1721.75,1241,2009-09-29
2009-09-29 09:32:05,1721.75,1722.0,1720.25,1721.25,931,2009-09-29
2009-09-29 09:32:57,1721.5,1722.25,1720.25,1722.25,986,2009-09-29
2009-09-29 09:33:43,1722.25,1724.0,1722.0,1724.0,1524,2009-09-29
2009-09-29 09:34:41,1724.0,1724.75,1723.25,1723.5,1062,2009-09-29
2009-09-29 09:35:24,1723.5,1725.25,1722.25,1725.25,1148,2009-09-29
2009-09-29 09:36:02,1725.25,1726.0,1724.75,1726.0,1111,2009-09-29
2009-09-29 09:36:51,1726.0,1726.25,1725.0,1726.0,1117,2009-09-29
2009-09-29 09:37:38,1726.0,1726.5,1723.5,1723.75,1097,2009-09-29
2009-09-29 09:38:46,1723.75,1725.5,1723.75,1724.0,1167,2009-09-29
2009-09-29 09:40:14,1724.0,1725.25,1722.5,1725.25,1059,2009-09-29
2009-09-29 09:41:14,1725.25,1726.75,1724.75,1726.75,989,2009-09-29
2009-09-29 09:41:51,1726.75,1727.25,1726.0,1726.25,879,2009-09-29
2009-09-29 09:42:22,1726.25,1726.5,1724.75,1725.0,934,2009-09-29
2009-09-29 09:43:40,1725.0,1727.5,1724.75,1727.25,930,2009-09-29
2009-09-29 09:44:04,1727.25,1727.75,1725.0,1726.0,1129,2009-09-29
2009-09-29 09:44:24,1726.25,1726.75,1725.0,1725.25,855,2009-09-29
2009-09-29 09:45:02,1725.25,1726.25,1725.0,1725.75,893,2009-09-29
2009-09-29 09:45:55,1725.75,1725.75,1724.25,1725.25,962,2009-09-29
2009-09-29 09:48:06,1725.0,1725.75,1723.5,1723.75,1107,2009-09-29
2009-09-29 09:49:13,1723.75,1723.75,1722.25,1723.25,1047,2009-09-29
2009-09-29 09:50:24,1723.0,1723.5,1721.25,1722.75,1334,2009-09-29
2009-09-29 09:51:31,1722.75,1725.5,1722.25,1725.5,1158,2009-09-29
2009-09-29 09:52:34,1725.25,1726.0,1724.25,1724.75,1005,2009-09-29
2009-09-29 09:53:48,1724.75,1724.75,1722.5,1723.25,983,2009-09-29
2009-09-29 09:55:07,1723.25,1724.5,1722.5,1723.25,1128,2009-09-29
2009-09-29 09:56:32,1723.25,1726.25,1723.25,1725.5,770,2009-09-29
2009-09-29 09:56:45,1725.5,1728.75,1725.5,1728.75,733,2009-09-29
2009-09-29 09:57:21,1728.75,1729.75,1728.25,1729.0,725,2009-09-29
2009-09-29 09:57:35,1729.0,1730.75,1729.0,1730.5,774,2009-09-29
2009-09-29 09:58:42,1730.75,1730.75,1728.25,1729.0,1047,2009-09-29
2009-09-29 09:59:18,1729.0,1730.75,1728.0,1728.75,939,2009-09-29
2009-09-29 09:59:58,1728.75,1729.75,1728.0,1728.5,942,2009-09-29
2009-09-29 10:00:02,1728.25,1728.25,1723.5,1724.25,871,2009-09-29
2009-09-29 10:00:11,1724.25,1724.5,1722.5,1723.5,895,2009-09-29
2009-09-29 10:00:30,1723.25,1724.25,1721.0,1721.5,759,2009-09-29
2009-09-29 10:00:36,1721.5,1721.5,1718.0,1718.75,1317,2009-09-29
2009-09-29 10:00:43,1718.75,1719.0,1716.25,1716.5,789,2009-09-29
2009-09-29 10:00:49,1716.5,1717.75,1715.25,1715.75,777,2009-09-29
2009-09-29 10:01:00,1715.75,1717.0,1714.75,1716.75,857,2009-09-29
2009-09-29 10:01:11,1716.75,1717.0,1715.75,1716.25,715,2009-09-29
2009-09-29 10:01:27,1716.25,1716.25,1715.0,1716.0,920,2009-09-29
2009-09-29 10:01:43,1716.0,1716.5,1713.5,1713.5,1045,2009-09-29
2009-09-29 10:02:08,1713.5,1716.25,1713.5,1716.25,897,2009-09-29
2009-09-29 10:02:22,1716.25,1716.25,1712.75,1712.75,1092,2009-09-29
2009-09-29 10:02:38,1712.75,1714.0,1712.25,1713.5,999,2009-09-29
2009-09-29 10:02:54,1713.5,1713.75,1711.25,1711.75,999,2009-09-29
2009-09-29 10:03:22,1711.75,1713.5,1711.0,1713.25,1238,2009-09-29
2009-09-29 10:03:47,1713.0,1713.75,1712.5,1713.5,975,2009-09-29
2009-09-29 10:04:23,1713.5,1717.25,1713.25,1717.25,912,2009-09-29
2009-09-29 10:04:50,1717.0,1718.25,1716.5,1717.0,1439,2009-09-29
2009-09-29 10:05:45,1717.0,1718.25,1716.25,1716.5,1064,2009-09-29
2009-09-29 10:06:18,1716.5,1718.0,1715.5,1717.5,806,2009-09-29
2009-09-29 10:07:11,1717.5,1718.0,1716.0,1717.0,868,2009-09-29
2009-09-29 10:07:46,1717.0,1717.0,1715.5,1716.25,902,2009-09-29
2009-09-29 10:08:54,1716.5,1720.0,1716.25,1719.75,817,2009-09-29
2009-09-29 10:09:38,1719.75,1719.75,1718.25,1718.5,1047,2009-09-29
2009-09-29 10:10:25,1718.5,1720.0,1717.5,1718.25,1090,2009-09-29
2009-09-29 10:10:55,1718.25,1718.5,1717.0,1718.25,936,2009-09-29
2009-09-29 10:11:54,1718.25,1719.75,1718.0,1718.75,801,2009-09-29
2009-09-29 10:12:44,1718.75,1721.5,1718.75,1721.5,1595,2009-09-29
2009-09-29 10:13:34,1721.5,1721.75,1720.0,1721.25,919,2009-09-29
2009-09-29 10:14:34,1721.25,1722.75,1720.5,1721.0,1137,2009-09-29
2009-09-29 10:16:32,1721.0,1721.75,1720.0,1721.0,936,2009-09-29
2009-09-29 10:17:36,1721.0,1721.25,1719.5,1720.0,1409,2009-09-29
2009-09-29 10:18:01,1720.25,1720.5,1718.5,1719.25,1041,2009-09-29
2009-09-29 10:19:39,1719.25,1720.0,1718.0,1720.0,926,2009-09-29
2009-09-29 10:21:04,1720.0,1720.25,1717.75,1719.0,1068,2009-09-29
2009-09-29 10:21:40,1719.0,1719.25,1716.5,1717.75,1021,2009-09-29
2009-09-29 10:23:10,1717.75,1719.25,1716.5,1719.0,990,2009-09-29
2009-09-29 10:25:09,1719.0,1719.75,1716.75,1717.75,1061,2009-09-29
2009-09-29 10:27:44,1717.75,1719.0,1717.5,1718.75,960,2009-09-29
2009-09-29 10:30:03,1718.5,1719.5,1718.25,1719.25,1059,2009-09-29
2009-09-29 10:32:22,1719.25,1720.25,1719.0,1719.75,1024,2009-09-29
2009-09-29 10:34:45,1719.75,1720.0,1718.0,1719.0,1064,2009-09-29
2009-09-29 10:35:35,1719.0,1719.25,1716.25,1716.25,1582,2009-09-29
2009-09-29 10:36:37,1716.25,1718.0,1716.25,1717.75,1020,2009-09-29
2009-09-29 10:37:23,1717.75,1719.0,1717.0,1718.5,1949,2009-09-29
2009-09-29 10:38:04,1718.5,1719.75,1718.0,1719.75,1071,2009-09-29
2009-09-29 10:39:42,1719.75,1720.25,1718.75,1718.75,926,2009-09-29
2009-09-29 10:40:23,1718.75,1721.25,1718.5,1720.5,1337,2009-09-29
2009-09-29 10:41:22,1721.0,1721.25,1720.0,1720.5,1103,2009-09-29
2009-09-29 10:42:57,1720.5,1720.5,1718.0,1718.25,1218,2009-09-29
2009-09-29 10:45:11,1718.25,1718.75,1716.5,1716.5,1195,2009-09-29
2009-09-29 10:46:21,1716.5,1718.25,1716.5,1717.75,1206,2009-09-29
2009-09-29 10:47:37,1717.75,1718.75,1717.5,1718.0,1347,2009-09-29
2009-09-29 10:51:15,1718.0,1718.75,1717.25,1717.5,822,2009-09-29
2009-09-29 10:52:06,1717.25,1717.5,1715.25,1716.0,1465,2009-09-29
2009-09-29 10:52:52,1716.0,1716.0,1713.5,1713.75,1453,2009-09-29
2009-09-29 10:54:33,1713.75,1715.25,1713.75,1715.0,1081,2009-09-29
2009-09-29 10:56:05,1714.75,1715.5,1713.75,1714.75,1379,2009-09-29
2009-09-29 10:57:12,1714.75,1714.75,1713.25,1713.25,1158,2009-09-29
2009-09-29 10:57:49,1713.25,1713.25,1711.25,1711.25,1324,2009-09-29
2009-09-29 10:58:45,1711.25,1712.25,1710.75,1712.0,1307,2009-09-29
2009-09-29 10:59:44,1712.0,1712.5,1710.75,1711.5,1100,2009-09-29
2009-09-29 11:00:16,1711.5,1711.5,1710.25,1711.0,1667,2009-09-29
2009-09-29 11:00:46,1711.25,1711.5,1710.0,1710.0,1913,2009-09-29
2009-09-29 11:00:48,1710.0,1710.25,1708.5,1709.75,1600,2009-09-29
2009-09-29 11:01:14,1709.75,1709.75,1709.0,1709.5,1242,2009-09-29
2009-09-29 11:02:33,1709.5,1711.0,1709.25,1710.75,1058,2009-09-29
2009-09-29 11:03:28,1710.75,1711.0,1709.75,1710.0,1348,2009-09-29
2009-09-29 11:05:40,1710.0,1711.0,1709.75,1710.75,953,2009-09-29
2009-09-29 11:07:53,1710.75,1711.75,1710.5,1711.25,1048,2009-09-29
2009-09-29 11:10:06,1711.25,1713.0,1711.0,1712.5,1396,2009-09-29
2009-09-29 11:11:23,1712.5,1713.0,1711.5,1712.0,1392,2009-09-29
2009-09-29 11:13:44,1712.0,1712.0,1710.25,1710.5,1214,2009-09-29
2009-09-29 11:17:31,1710.25,1712.75,1710.25,1712.0,883,2009-09-29
2009-09-29 11:20:47,1712.25,1712.75,1710.0,1710.25,1197,2009-09-29
2009-09-29 11:22:43,1710.25,1711.5,1710.0,1710.25,1360,2009-09-29
2009-09-29 11:25:18,1710.25,1711.25,1709.75,1711.25,1248,2009-09-29
2009-09-29 11:27:58,1711.25,1713.25,1711.25,1713.25,857,2009-09-29
2009-09-29 11:30:06,1713.25,1714.25,1713.0,1714.25,1101,2009-09-29
2009-09-29 11:32:45,1714.25,1714.25,1713.0,1713.0,1299,2009-09-29
2009-09-29 11:37:13,1713.0,1713.75,1712.25,1713.0,764,2009-09-29
2009-09-29 11:40:20,1713.0,1713.25,1711.25,1711.25,1125,2009-09-29
2009-09-29 11:42:44,1711.25,1713.0,1711.0,1712.5,865,2009-09-29
2009-09-29 11:45:27,1712.25,1712.5,1710.75,1711.25,1257,2009-09-29
2009-09-29 11:45:59,1711.0,1711.0,1708.5,1708.75,1321,2009-09-29
2009-09-29 11:46:56,1708.75,1709.0,1707.75,1708.25,1221,2009-09-29
2009-09-29 11:48:16,1708.25,1709.0,1706.75,1707.5,1959,2009-09-29
2009-09-29 11:49:21,1707.5,1708.75,1707.5,1708.25,967,2009-09-29
2009-09-29 11:51:38,1708.25,1709.0,1707.75,1708.0,1121,2009-09-29
2009-09-29 11:53:32,1708.0,1710.0,1707.5,1709.75,1219,2009-09-29
2009-09-29 11:55:50,1709.75,1711.0,1709.25,1711.0,1056,2009-09-29
2009-09-29 11:57:38,1711.0,1711.25,1709.0,1709.25,1162,2009-09-29
2009-09-29 12:00:53,1709.25,1709.75,1708.25,1709.75,1132,2009-09-29
2009-09-29 12:03:20,1709.75,1711.0,1709.75,1709.75,1371,2009-09-29
2009-09-29 12:05:56,1709.75,1710.0,1709.0,1709.0,1254,2009-09-29
2009-09-29 12:09:15,1709.25,1710.5,1709.0,1710.0,988,2009-09-29
2009-09-29 12:11:06,1710.0,1711.75,1710.0,1711.0,765,2009-09-29
2009-09-29 12:13:35,1711.0,1711.25,1709.75,1710.5,1321,2009-09-29
2009-09-29 12:14:52,1710.5,1713.0,1710.25,1713.0,1179,2009-09-29
2009-09-29 12:19:04,1713.0,1713.25,1712.25,1712.75,1331,2009-09-29
2009-09-29 12:22:31,1712.75,1713.0,1712.0,1712.0,1392,2009-09-29
2009-09-29 12:24:39,1712.0,1712.25,1709.75,1709.75,1423,2009-09-29
2009-09-29 12:27:18,1709.75,1711.75,1709.5,1711.25,1106,2009-09-29
2009-09-29 12:30:19,1711.25,1712.25,1710.25,1711.5,1286,2009-09-29
2009-09-29 12:31:57,1711.5,1712.5,1710.5,1710.5,927,2009-09-29
2009-09-29 12:34:32,1710.5,1712.5,1710.0,1712.25,1294,2009-09-29
2009-09-29 12:37:58,1712.25,1712.75,1711.75,1712.25,1293,2009-09-29
2009-09-29 12:42:45,1712.25,1713.25,1712.0,1712.5,1102,2009-09-29
2009-09-29 12:46:26,1712.5,1714.0,1712.0,1714.0,910,2009-09-29
2009-09-29 12:47:40,1714.0,1715.0,1713.5,1715.0,986,2009-09-29
2009-09-29 12:50:57,1715.0,1715.25,1714.0,1714.5,873,2009-09-29
2009-09-29 12:51:56,1714.5,1716.5,1714.25,1716.25,1234,2009-09-29
2009-09-29 12:52:39,1716.25,1716.75,1715.75,1716.0,854,2009-09-29
2009-09-29 12:53:33,1716.0,1717.5,1716.0,1717.25,1236,2009-09-29
2009-09-29 12:54:49,1717.25,1718.0,1716.5,1717.25,1518,2009-09-29
2009-09-29 12:58:11,1717.25,1717.5,1716.25,1716.75,1996,2009-09-29
2009-09-29 13:00:05,1716.75,1718.5,1716.5,1718.5,1597,2009-09-29
2009-09-29 13:01:04,1718.25,1719.75,1718.0,1719.25,1339,2009-09-29
2009-09-29 13:03:01,1719.25,1719.75,1718.75,1719.5,1979,2009-09-29
2009-09-29 13:05:34,1719.5,1720.25,1718.75,1720.25,1753,2009-09-29
2009-09-29 13:07:30,1720.0,1721.0,1719.5,1720.75,1064,2009-09-29
2009-09-29 13:10:29,1720.75,1721.0,1719.75,1719.75,869,2009-09-29
2009-09-29 13:13:14,1719.75,1721.0,1719.5,1720.75,1431,2009-09-29
2009-09-29 13:14:44,1720.75,1722.0,1720.25,1720.5,1095,2009-09-29
2009-09-29 13:16:24,1720.5,1721.0,1719.0,1719.0,1538,2009-09-29
2009-09-29 13:19:32,1719.25,1719.5,1718.75,1718.75,976,2009-09-29
2009-09-29 13:22:52,1718.75,1719.25,1718.0,1718.75,1381,2009-09-29
2009-09-29 13:25:47,1718.75,1720.75,1718.5,1720.5,1696,2009-09-29
2009-09-29 13:29:24,1720.5,1721.0,1719.0,1720.25,1479,2009-09-29
2009-09-29 13:34:48,1720.25,1720.75,1719.25,1719.5,784,2009-09-29
2009-09-29 13:36:41,1719.5,1719.75,1718.0,1719.25,1879,2009-09-29
2009-09-29 13:39:51,1719.25,1720.5,1718.75,1719.0,1257,2009-09-29
2009-09-29 13:43:38,1719.0,1719.5,1718.0,1718.75,1030,2009-09-29
2009-09-29 13:48:30,1718.75,1719.5,1718.25,1719.0,1065,2009-09-29
2009-09-29 13:53:01,1719.0,1720.0,1718.25,1720.0,1233,2009-09-29
2009-09-29 13:57:55,1720.0,1720.0,1718.0,1718.5,1037,2009-09-29
2009-09-29 14:02:51,1718.5,1719.75,1718.25,1718.25,1348,2009-09-29
2009-09-29 14:05:02,1718.25,1718.25,1716.75,1717.25,1014,2009-09-29
2009-09-29 14:07:32,1717.25,1717.5,1716.25,1716.5,969,2009-09-29
2009-09-29 14:12:36,1716.75,1717.0,1715.5,1716.25,1079,2009-09-29
2009-09-29 14:15:49,1716.25,1717.5,1716.25,1717.0,1257,2009-09-29
2009-09-29 14:18:32,1717.0,1717.5,1716.0,1717.25,1186,2009-09-29
2009-09-29 14:23:38,1717.25,1717.75,1716.25,1716.5,996,2009-09-29
2009-09-29 14:27:42,1716.5,1717.0,1715.75,1716.5,1054,2009-09-29
2009-09-29 14:30:27,1716.5,1717.5,1716.25,1717.0,989,2009-09-29
2009-09-29 14:33:30,1717.0,1717.25,1715.25,1715.5,1019,2009-09-29
2009-09-29 14:35:49,1715.5,1715.75,1714.75,1715.5,1214,2009-09-29
2009-09-29 14:41:52,1715.25,1716.25,1715.25,1716.0,1055,2009-09-29
2009-09-29 14:47:36,1716.0,1716.25,1715.25,1715.75,1044,2009-09-29
2009-09-29 14:50:32,1715.75,1716.75,1715.5,1716.25,1013,2009-09-29
2009-09-29 14:55:04,1716.25,1717.5,1716.0,1717.25,977,2009-09-29
2009-09-29 14:57:45,1717.25,1718.75,1717.0,1718.0,1167,2009-09-29
2009-09-29 15:00:00,1718.0,1718.25,1716.75,1717.25,1170,2009-09-29
2009-09-29 15:04:39,1717.25,1718.25,1717.0,1717.0,1261,2009-09-29
2009-09-29 15:08:35,1717.0,1718.5,1717.0,1718.0,1027,2009-09-29
2009-09-29 15:13:39,1718.0,1718.75,1717.25,1717.75,896,2009-09-29
2009-09-29 15:16:22,1717.75,1717.75,1716.75,1717.25,1046,2009-09-29
2009-09-29 15:22:13,1717.25,1718.0,1717.0,1718.0,1120,2009-09-29
2009-09-29 15:24:38,1718.0,1719.25,1718.0,1718.5,1039,2009-09-29
2009-09-29 15:28:45,1718.5,1719.25,1717.75,1718.0,1025,2009-09-29
2009-09-29 15:29:13,1717.5,1717.75,1715.5,1715.75,1060,2009-09-29
2009-09-29 15:30:46,1715.75,1716.5,1715.25,1715.5,999,2009-09-29
2009-09-29 15:32:50,1715.5,1716.25,1714.75,1715.25,976,2009-09-29
2009-09-29 15:36:17,1715.25,1716.0,1714.75,1716.0,881,2009-09-29
2009-09-29 15:38:42,1716.0,1717.0,1715.5,1716.5,1314,2009-09-29
2009-09-29 15:42:07,1716.5,1717.0,1715.75,1717.0,982,2009-09-29
2009-09-29 15:45:25,1717.0,1717.5,1715.75,1715.75,1147,2009-09-29
2009-09-29 15:46:21,1715.75,1717.5,1715.75,1717.25,1313,2009-09-29
2009-09-29 15:49:19,1717.25,1717.75,1716.25,1716.5,1266,2009-09-29
2009-09-29 15:51:22,1716.5,1716.75,1715.0,1715.0,1451,2009-09-29
2009-09-29 15:51:46,1715.0,1715.0,1713.5,1714.25,1533,2009-09-29
2009-09-29 15:52:43,1714.25,1715.0,1713.75,1714.5,1382,2009-09-29
2009-09-29 15:53:53,1714.5,1714.75,1713.5,1713.75,1163,2009-09-29
2009-09-29 15:55:42,1713.75,1715.25,1713.75,1714.5,1194,2009-09-29
2009-09-29 15:56:20,1714.5,1715.5,1714.25,1715.25,1174,2009-09-29
2009-09-29 15:58:32,1715.25,1715.5,1714.75,1715.5,1078,2009-09-29
2009-09-29 15:59:28,1715.75,1716.25,1715.25,1715.5,1297,2009-09-29
2009-09-29 15:59:56,1715.25,1716.25,1715.25,1715.75,1466,2009-09-29
2009-09-29 16:00:17,1715.75,1715.75,1714.25,1714.75,1186,2009-09-29
2009-09-29 16:01:14,1714.75,1715.75,1714.75,1715.5,1066,2009-09-29
2009-09-29 16:03:05,1715.5,1716.5,1715.25,1716.5,1036,2009-09-29
2009-09-29 16:06:40,1716.5,1716.5,1715.0,1715.25,1524,2009-09-29
2009-09-29 16:10:50,1715.25,1717.0,1715.0,1717.0,1580,2009-09-29
2009-09-29 16:14:00,1716.75,1716.75,1714.5,1715.5,1514,2009-09-29
2009-09-29 16:56:06,1715.5,1716.0,1714.0,1714.5,1599,2009-09-29
2009-09-29 20:25:42,1714.5,1716.5,1713.25,1716.5,651,2009-09-29
2009-09-29 21:36:04,1716.5,1718.75,1716.25,1716.25,713,2009-09-29
2009-09-29 22:34:35,1716.0,1718.75,1715.5,1718.25,542,2009-09-29
2009-09-29 23:58:50,1718.25,1718.5,1716.5,1717.5,217,2009-09-29
2009-09-30 01:59:01,1717.25,1718.0,1715.0,1717.25,528,2009-09-30
2009-09-30 03:05:34,1717.25,1718.5,1715.25,1718.25,607,2009-09-30
2009-09-30 03:31:50,1718.25,1719.0,1716.75,1718.25,627,2009-09-30
2009-09-30 04:04:12,1718.0,1719.0,1716.75,1718.25,491,2009-09-30
2009-09-30 04:38:21,1718.25,1719.25,1717.75,1719.0,455,2009-09-30
2009-09-30 04:54:02,1719.0,1722.0,1718.5,1721.5,638,2009-09-30
2009-09-30 05:17:43,1721.25,1723.0,1721.0,1721.5,556,2009-09-30
2009-09-30 05:54:18,1721.5,1723.25,1721.0,1721.5,552,2009-09-30
2009-09-30 06:32:23,1721.0,1723.0,1721.0,1722.0,841,2009-09-30
2009-09-30 07:10:01,1722.25,1722.5,1720.25,1721.0,916,2009-09-30
2009-09-30 07:45:25,1721.0,1722.75,1720.25,1721.75,609,2009-09-30
2009-09-30 08:03:12,1721.25,1723.5,1721.25,1721.5,747,2009-09-30
2009-09-30 08:15:05,1721.5,1722.5,1715.25,1717.0,726,2009-09-30
2009-09-30 08:16:44,1717.25,1720.75,1717.25,1720.5,483,2009-09-30
2009-09-30 08:20:34,1720.5,1720.5,1718.0,1720.0,590,2009-09-30
2009-09-30 08:30:02,1720.0,1725.0,1719.0,1724.25,703,2009-09-30
2009-09-30 08:32:12,1722.5,1724.25,1721.0,1723.5,562,2009-09-30
2009-09-30 08:32:54,1723.5,1726.25,1723.25,1724.75,759,2009-09-30
2009-09-30 08:37:50,1724.75,1724.75,1722.25,1723.25,629,2009-09-30
2009-09-30 08:45:58,1723.25,1723.5,1721.75,1721.75,667,2009-09-30
2009-09-30 08:50:50,1721.75,1721.75,1719.25,1720.25,550,2009-09-30
2009-09-30 08:57:03,1720.25,1722.5,1719.25,1722.25,889,2009-09-30
2009-09-30 09:01:51,1722.25,1723.25,1722.25,1723.0,1213,2009-09-30
2009-09-30 09:09:20,1723.0,1723.25,1721.5,1722.75,958,2009-09-30
2009-09-30 09:20:38,1722.75,1723.25,1721.75,1721.75,795,2009-09-30
2009-09-30 09:29:47,1721.75,1722.25,1721.0,1721.0,587,2009-09-30
2009-09-30 09:30:29,1721.0,1723.25,1721.0,1723.0,1045,2009-09-30
2009-09-30 09:31:26,1723.0,1724.0,1722.5,1724.0,1265,2009-09-30
2009-09-30 09:32:10,1724.0,1725.5,1723.5,1723.75,1021,2009-09-30
2009-09-30 09:33:09,1723.75,1724.0,1720.75,1720.75,994,2009-09-30
2009-09-30 09:34:35,1720.75,1722.0,1720.5,1720.75,1146,2009-09-30
2009-09-30 09:35:04,1720.75,1720.75,1718.0,1718.25,1388,2009-09-30
2009-09-30 09:35:43,1718.0,1720.25,1717.75,1719.75,1076,2009-09-30
2009-09-30 09:36:24,1719.75,1720.5,1719.25,1719.25,1248,2009-09-30
2009-09-30 09:36:57,1719.25,1721.0,1719.25,1720.0,1074,2009-09-30
2009-09-30 09:38:03,1720.0,1720.0,1718.5,1719.75,1076,2009-09-30
2009-09-30 09:38:56,1719.75,1721.0,1718.5,1720.25,888,2009-09-30
2009-09-30 09:39:38,1720.25,1722.25,1720.0,1721.75,953,2009-09-30
2009-09-30 09:40:06,1721.75,1722.25,1720.25,1720.5,938,2009-09-30
2009-09-30 09:41:07,1720.5,1722.0,1719.0,1719.5,771,2009-09-30
2009-09-30 09:42:11,1719.5,1720.5,1716.5,1717.0,1171,2009-09-30
2009-09-30 09:42:23,1717.0,1717.25,1715.5,1716.0,1053,2009-09-30
2009-09-30 09:42:42,1716.0,1716.75,1714.75,1715.0,1482,2009-09-30
2009-09-30 09:43:00,1714.75,1715.0,1711.75,1711.75,802,2009-09-30
2009-09-30 09:43:17,1711.75,1714.0,1711.25,1713.75,809,2009-09-30
2009-09-30 09:43:24,1713.75,1714.5,1711.5,1711.75,1086,2009-09-30
2009-09-30 09:43:54,1712.0,1713.75,1712.0,1713.75,963,2009-09-30
2009-09-30 09:44:08,1713.75,1714.75,1711.25,1712.5,1036,2009-09-30
2009-09-30 09:44:30,1712.5,1712.75,1710.75,1712.0,887,2009-09-30
2009-09-30 09:44:46,1712.0,1713.25,1711.0,1711.0,1080,2009-09-30
2009-09-30 09:45:01,1711.0,1711.75,1709.25,1709.25,836,2009-09-30
2009-09-30 09:45:08,1709.0,1709.5,1708.0,1708.25,1041,2009-09-30
2009-09-30 09:45:15,1708.0,1708.5,1707.0,1707.0,1259,2009-09-30
2009-09-30 09:45:26,1706.75,1707.25,1706.0,1707.25,841,2009-09-30
2009-09-30 09:45:45,1707.25,1707.75,1706.0,1706.0,1088,2009-09-30
2009-09-30 09:45:59,1706.0,1706.5,1705.25,1706.0,818,2009-09-30
2009-09-30 09:46:05,1706.25,1707.25,1705.75,1706.0,1057,2009-09-30
2009-09-30 09:46:22,1706.0,1707.0,1705.75,1706.0,826,2009-09-30
2009-09-30 09:46:49,1706.0,1707.25,1705.75,1707.0,835,2009-09-30
2009-09-30 09:47:33,1707.25,1707.5,1705.25,1705.5,935,2009-09-30
2009-09-30 09:47:54,1705.5,1705.5,1703.5,1704.0,1165,2009-09-30
2009-09-30 09:48:19,1704.0,1704.0,1702.25,1703.75,1380,2009-09-30
2009-09-30 09:48:44,1703.75,1704.75,1703.25,1703.5,810,2009-09-30
2009-09-30 09:49:16,1703.25,1703.25,1702.25,1702.75,919,2009-09-30
2009-09-30 09:49:55,1702.75,1704.5,1702.75,1703.0,1235,2009-09-30
2009-09-30 09:50:11,1703.0,1703.25,1702.0,1702.0,1046,2009-09-30
2009-09-30 09:50:30,1702.0,1702.75,1701.25,1702.5,955,2009-09-30
2009-09-30 09:51:06,1702.5,1702.75,1701.25,1702.0,1017,2009-09-30
2009-09-30 09:51:32,1702.0,1703.0,1701.75,1701.75,1682,2009-09-30
2009-09-30 09:51:44,1702.0,1702.0,1698.0,1698.0,1874,2009-09-30
2009-09-30 09:51:49,1698.0,1699.5,1697.75,1698.5,886,2009-09-30
2009-09-30 09:52:12,1698.5,1699.75,1698.0,1699.5,1031,2009-09-30
2009-09-30 09:52:43,1699.5,1701.75,1699.25,1701.75,879,2009-09-30
2009-09-30 09:53:03,1701.75,1703.0,1700.75,1702.75,1124,2009-09-30
2009-09-30 09:53:38,1702.75,1703.5,1701.5,1703.0,1017,2009-09-30
2009-09-30 09:54:00,1703.0,1703.5,1701.5,1702.0,1123,2009-09-30
2009-09-30 09:54:41,1702.0,1703.25,1702.0,1703.25,986,2009-09-30
2009-09-30 09:55:08,1703.25,1704.0,1700.75,1701.25,940,2009-09-30
2009-09-30 09:55:35,1701.25,1702.5,1699.0,1699.25,1033,2009-09-30
2009-09-30 09:55:55,1699.25,1699.5,1698.0,1698.0,1153,2009-09-30
2009-09-30 09:56:16,1698.25,1698.25,1697.0,1698.25,1024,2009-09-30
2009-09-30 09:56:40,1698.25,1698.5,1696.0,1697.5,1306,2009-09-30
2009-09-30 09:56:55,1697.5,1697.5,1694.75,1695.75,1260,2009-09-30
2009-09-30 09:57:10,1695.75,1696.0,1694.75,1695.0,1126,2009-09-30
2009-09-30 09:57:17,1694.75,1694.75,1692.75,1692.75,1129,2009-09-30
2009-09-30 09:57:26,1693.0,1693.0,1691.0,1691.0,1308,2009-09-30
2009-09-30 09:57:28,1691.0,1691.0,1688.75,1689.75,1276,2009-09-30
2009-09-30 09:57:42,1689.75,1690.75,1689.25,1690.0,861,2009-09-30
2009-09-30 09:57:55,1690.0,1691.75,1689.75,1691.25,990,2009-09-30
2009-09-30 09:58:18,1691.0,1692.5,1691.0,1692.5,1190,2009-09-30
2009-09-30 09:58:49,1692.5,1693.75,1692.5,1693.75,853,2009-09-30
2009-09-30 09:59:24,1693.5,1694.5,1693.25,1694.25,1311,2009-09-30
2009-09-30 10:00:02,1694.25,1695.0,1693.75,1694.25,1002,2009-09-30
2009-09-30 10:00:37,1694.0,1695.5,1693.25,1695.5,869,2009-09-30
2009-09-30 10:01:12,1695.5,1695.5,1694.25,1695.5,1341,2009-09-30
2009-09-30 10:01:33,1695.5,1695.75,1694.25,1695.75,1079,2009-09-30
2009-09-30 10:02:12,1695.5,1695.75,1694.5,1695.0,1108,2009-09-30
2009-09-30 10:02:41,1695.0,1696.25,1694.75,1695.25,1331,2009-09-30
2009-09-30 10:03:17,1695.25,1696.0,1694.25,1695.75,1349,2009-09-30
2009-09-30 10:03:41,1696.0,1696.75,1694.0,1695.25,1121,2009-09-30
2009-09-30 10:04:19,1695.25,1695.75,1693.25,1693.25,1007,2009-09-30
2009-09-30 10:05:01,1693.0,1695.75,1692.75,1695.0,691,2009-09-30
2009-09-30 10:06:03,1695.0,1696.5,1694.25,1694.75,968,2009-09-30
2009-09-30 10:06:51,1694.75,1696.0,1694.5,1695.5,961,2009-09-30
2009-09-30 10:07:26,1695.5,1696.0,1694.0,1695.25,814,2009-09-30
2009-09-30 10:07:53,1695.25,1695.25,1693.75,1694.5,1015,2009-09-30
2009-09-30 10:08:59,1694.5,1695.25,1693.5,1694.0,1031,2009-09-30
2009-09-30 10:09:30,1694.0,1694.75,1692.0,1692.5,1049,2009-09-30
2009-09-30 10:10:07,1692.5,1694.5,1692.25,1694.25,1016,2009-09-30
2009-09-30 10:10:44,1694.5,1695.75,1693.25,1695.5,965,2009-09-30
2009-09-30 10:11:58,1695.5,1696.25,1693.75,1695.5,1098,2009-09-30
2009-09-30 10:13:01,1695.5,1696.25,1694.25,1694.75,1047,2009-09-30
2009-09-30 10:13:54,1694.75,1696.5,1694.75,1696.5,1050,2009-09-30
2009-09-30 10:14:32,1696.25,1697.0,1695.25,1696.75,1046,2009-09-30
2009-09-30 10:14:55,1696.75,1698.0,1696.5,1697.5,941,2009-09-30
2009-09-30 10:15:16,1697.5,1697.75,1696.5,1696.75,838,2009-09-30
2009-09-30 10:16:09,1696.75,1697.75,1696.5,1697.0,1090,2009-09-30
2009-09-30 10:16:58,1697.0,1697.25,1696.25,1696.75,1125,2009-09-30
2009-09-30 10:17:17,1696.75,1696.75,1695.25,1695.5,1145,2009-09-30
2009-09-30 10:18:35,1695.5,1697.25,1695.0,1696.75,859,2009-09-30
2009-09-30 10:20:24,1696.5,1698.0,1696.5,1696.5,1412,2009-09-30
2009-09-30 10:21:03,1696.5,1696.75,1695.25,1696.25,1240,2009-09-30
2009-09-30 10:22:19,1696.25,1697.25,1696.0,1696.75,1157,2009-09-30
2009-09-30 10:23:35,1696.5,1696.75,1695.0,1695.5,1288,2009-09-30
2009-09-30 10:25:02,1695.5,1696.0,1694.25,1694.75,1037,2009-09-30
2009-09-30 10:26:01,1694.75,1695.25,1693.5,1693.5,1237,2009-09-30
2009-09-30 10:27:10,1693.5,1696.5,1692.75,1696.5,1002,2009-09-30
2009-09-30 10:28:36,1696.5,1697.75,1696.0,1696.5,1009,2009-09-30
2009-09-30 10:30:02,1696.5,1698.0,1696.25,1697.0,944,2009-09-30
2009-09-30 10:30:14,1697.0,1698.0,1696.25,1697.25,876,2009-09-30
2009-09-30 10:30:56,1697.25,1699.25,1697.25,1699.25,1061,2009-09-30
2009-09-30 10:31:48,1699.25,1699.25,1695.75,1696.0,1039,2009-09-30
2009-09-30 10:32:36,1696.0,1698.0,1695.0,1697.5,1349,2009-09-30
2009-09-30 10:34:03,1697.5,1697.5,1696.5,1696.5,1223,2009-09-30
2009-09-30 10:35:15,1696.5,1698.25,1696.25,1697.5,962,2009-09-30
2009-09-30 10:37:00,1697.5,1699.25,1697.25,1699.0,993,2009-09-30
2009-09-30 10:38:07,1698.75,1699.75,1697.75,1698.0,1181,2009-09-30
2009-09-30 10:39:34,1698.0,1698.75,1697.0,1698.5,1145,2009-09-30
2009-09-30 10:41:14,1698.5,1699.25,1697.75,1698.25,1038,2009-09-30
2009-09-30 10:42:06,1698.25,1699.0,1697.0,1698.0,1020,2009-09-30
2009-09-30 10:42:52,1698.0,1698.25,1696.75,1698.25,1071,2009-09-30
2009-09-30 10:44:24,1698.25,1698.25,1696.5,1697.0,1633,2009-09-30
2009-09-30 10:46:32,1697.0,1698.25,1697.0,1698.25,1042,2009-09-30
2009-09-30 10:48:29,1698.25,1698.75,1697.5,1698.5,1111,2009-09-30
2009-09-30 10:50:21,1698.5,1698.5,1697.0,1698.25,1186,2009-09-30
2009-09-30 10:51:48,1698.25,1699.0,1697.75,1698.5,1076,2009-09-30
2009-09-30 10:54:24,1698.5,1699.25,1698.0,1698.5,987,2009-09-30
2009-09-30 10:56:57,1698.5,1699.0,1697.75,1698.0,1020,2009-09-30
2009-09-30 10:57:49,1698.0,1698.0,1696.0,1697.0,1018,2009-09-30
2009-09-30 10:59:12,1697.0,1697.5,1696.0,1696.75,1613,2009-09-30
2009-09-30 11:01:37,1696.75,1697.75,1696.5,1697.75,1041,2009-09-30
2009-09-30 11:02:49,1697.75,1699.5,1697.75,1699.25,1000,2009-09-30
2009-09-30 11:03:59,1699.25,1701.0,1698.75,1700.5,1246,2009-09-30
2009-09-30 11:06:00,1700.5,1700.5,1699.25,1700.5,1009,2009-09-30
2009-09-30 11:09:28,1700.5,1700.75,1699.5,1700.0,983,2009-09-30
2009-09-30 11:13:09,1700.25,1700.75,1699.25,1700.5,880,2009-09-30
2009-09-30 11:16:03,1700.5,1700.75,1699.25,1700.5,1022,2009-09-30
2009-09-30 11:18:22,1700.25,1702.25,1700.25,1702.0,1167,2009-09-30
2009-09-30 11:19:44,1702.0,1702.75,1701.75,1701.75,980,2009-09-30
2009-09-30 11:22:01,1701.5,1702.75,1701.0,1702.75,897,2009-09-30
2009-09-30 11:24:09,1702.75,1703.5,1702.25,1702.75,1165,2009-09-30
2009-09-30 11:25:28,1702.75,1704.5,1702.75,1704.25,1010,2009-09-30
2009-09-30 11:27:17,1704.5,1705.0,1704.25,1705.0,727,2009-09-30
2009-09-30 11:29:23,1705.0,1705.25,1703.75,1704.0,1030,2009-09-30
2009-09-30 11:31:30,1704.25,1704.5,1703.0,1704.5,1331,2009-09-30
2009-09-30 11:32:23,1704.5,1706.5,1704.25,1706.25,1261,2009-09-30
2009-09-30 11:33:55,1706.5,1706.75,1705.25,1705.5,938,2009-09-30
2009-09-30 11:36:02,1705.5,1705.75,1704.25,1704.25,1349,2009-09-30
2009-09-30 11:38:42,1704.25,1706.0,1704.25,1704.75,966,2009-09-30
2009-09-30 11:40:27,1704.75,1704.75,1703.5,1704.25,1043,2009-09-30
2009-09-30 11:42:14,1704.25,1704.5,1703.0,1703.25,1077,2009-09-30
2009-09-30 11:44:59,1703.5,1703.75,1702.5,1703.25,1301,2009-09-30
2009-09-30 11:48:26,1703.0,1704.25,1702.75,1703.0,1057,2009-09-30
2009-09-30 11:51:18,1703.25,1704.5,1703.25,1704.0,839,2009-09-30
2009-09-30 11:54:54,1704.0,1705.5,1703.5,1705.5,1351,2009-09-30
2009-09-30 11:56:06,1705.5,1707.25,1705.5,1706.75,1305,2009-09-30
2009-09-30 11:57:37,1706.75,1708.5,1706.75,1708.5,1217,2009-09-30
2009-09-30 11:58:16,1708.25,1710.25,1708.25,1709.75,882,2009-09-30
2009-09-30 11:59:43,1709.75,1709.75,1708.25,1708.25,1180,2009-09-30
2009-09-30 12:01:38,1708.25,1708.75,1707.0,1708.0,1219,2009-09-30
2009-09-30 12:02:51,1708.0,1709.0,1707.5,1707.75,1277,2009-09-30
2009-09-30 12:05:12,1707.75,1708.75,1707.75,1708.0,972,2009-09-30
2009-09-30 12:07:14,1708.0,1708.25,1706.25,1706.75,1263,2009-09-30
2009-09-30 12:08:59,1706.75,1707.75,1706.0,1706.25,971,2009-09-30
2009-09-30 12:11:22,1706.25,1708.0,1706.0,1707.25,886,2009-09-30
2009-09-30 12:14:53,1707.25,1707.75,1706.75,1707.5,940,2009-09-30
2009-09-30 12:16:19,1707.5,1710.0,1707.5,1709.75,1297,2009-09-30
2009-09-30 12:16:36,1709.75,1711.25,1709.75,1710.75,1058,2009-09-30
2009-09-30 12:17:07,1710.75,1711.25,1710.5,1711.0,1023,2009-09-30
2009-09-30 12:18:16,1711.0,1711.25,1710.25,1710.5,754,2009-09-30
2009-09-30 12:19:48,1710.5,1710.75,1709.75,1710.25,1101,2009-09-30
2009-09-30 12:21:36,1710.25,1710.5,1709.5,1710.5,846,2009-09-30
2009-09-30 12:23:16,1710.5,1711.0,1709.75,1710.75,1402,2009-09-30
2009-09-30 12:25:14,1710.75,1711.25,1710.5,1711.0,1193,2009-09-30
2009-09-30 12:25:47,1711.0,1713.0,1710.75,1713.0,1206,2009-09-30
2009-09-30 12:27:10,1713.0,1713.25,1712.0,1712.25,866,2009-09-30
2009-09-30 12:29:10,1712.25,1712.5,1711.0,1712.0,955,2009-09-30
2009-09-30 12:30:17,1712.0,1714.0,1711.75,1713.5,1362,2009-09-30
2009-09-30 12:30:47,1713.75,1715.0,1713.5,1715.0,868,2009-09-30
2009-09-30 12:31:58,1715.0,1715.0,1713.75,1714.75,966,2009-09-30
2009-09-30 12:33:13,1714.75,1715.0,1714.5,1714.75,757,2009-09-30
2009-09-30 12:33:40,1715.0,1716.75,1714.75,1716.75,1088,2009-09-30
2009-09-30 12:34:37,1716.75,1717.0,1715.5,1715.75,1492,2009-09-30
2009-09-30 12:35:34,1715.75,1716.0,1715.0,1715.25,1150,2009-09-30
2009-09-30 12:36:56,1715.5,1715.75,1715.0,1715.25,1093,2009-09-30
2009-09-30 12:38:14,1715.25,1716.5,1715.25,1716.25,1203,2009-09-30
2009-09-30 12:39:26,1716.5,1717.0,1715.75,1716.0,833,2009-09-30
2009-09-30 12:40:58,1716.0,1716.75,1715.25,1716.75,978,2009-09-30
2009-09-30 12:41:14,1716.5,1718.75,1716.5,1718.75,1797,2009-09-30
2009-09-30 12:41:59,1718.5,1718.75,1717.5,1718.0,1142,2009-09-30
2009-09-30 12:43:38,1717.75,1718.75,1717.0,1718.5,1076,2009-09-30
2009-09-30 12:44:01,1718.5,1719.5,1718.25,1718.25,1300,2009-09-30
2009-09-30 12:45:12,1718.25,1719.25,1717.25,1719.0,1490,2009-09-30
2009-09-30 12:46:11,1719.0,1721.0,1718.75,1721.0,1176,2009-09-30
2009-09-30 12:46:55,1721.0,1721.25,1720.25,1720.75,1066,2009-09-30
2009-09-30 12:47:37,1720.5,1721.0,1719.5,1719.5,1118,2009-09-30
2009-09-30 12:48:13,1719.5,1721.5,1719.5,1721.5,1466,2009-09-30
2009-09-30 12:49:14,1721.5,1722.0,1721.0,1721.0,895,2009-09-30
2009-09-30 12:50:06,1721.0,1721.25,1719.25,1720.0,1163,2009-09-30
2009-09-30 12:51:08,1720.0,1721.25,1719.5,1721.0,1401,2009-09-30
2009-09-30 12:51:52,1721.0,1721.5,1720.5,1721.5,1715,2009-09-30
2009-09-30 12:52:28,1721.75,1723.75,1721.5,1723.0,1285,2009-09-30
2009-09-30 12:53:26,1723.0,1723.5,1722.0,1722.0,1212,2009-09-30
2009-09-30 12:54:45,1722.0,1722.5,1721.75,1722.0,1212,2009-09-30
2009-09-30 12:55:51,1722.25,1723.75,1721.5,1723.5,1173,2009-09-30
2009-09-30 12:56:19,1723.5,1724.75,1723.25,1723.75,1565,2009-09-30
2009-09-30 12:57:20,1723.75,1725.5,1723.25,1725.25,1470,2009-09-30
2009-09-30 12:57:33,1725.25,1725.5,1723.0,1724.0,2370,2009-09-30
2009-09-30 12:58:07,1724.0,1724.0,1723.25,1723.75,1317,2009-09-30
2009-09-30 12:59:21,1723.75,1724.0,1722.25,1722.75,1132,2009-09-30
2009-09-30 13:00:04,1722.75,1723.75,1722.5,1723.25,1184,2009-09-30
2009-09-30 13:00:22,1723.5,1725.5,1723.5,1725.25,1470,2009-09-30
2009-09-30 13:00:47,1725.25,1726.75,1724.75,1726.5,773,2009-09-30
2009-09-30 13:01:03,1726.5,1727.25,1726.0,1727.0,1396,2009-09-30
2009-09-30 13:01:31,1727.0,1727.75,1726.0,1726.25,1047,2009-09-30
2009-09-30 13:02:35,1726.5,1726.75,1725.75,1726.5,1301,2009-09-30
2009-09-30 13:03:44,1726.5,1727.75,1726.0,1727.5,1304,2009-09-30
2009-09-30 13:04:17,1727.5,1728.5,1726.75,1727.0,1225,2009-09-30
2009-09-30 13:05:19,1727.25,1728.25,1726.5,1728.0,1039,2009-09-30
2009-09-30 13:05:39,1728.0,1729.75,1727.5,1728.75,1277,2009-09-30
2009-09-30 13:06:20,1728.75,1729.75,1727.75,1729.5,1315,2009-09-30
2009-09-30 13:07:03,1729.75,1730.0,1728.75,1728.75,1056,2009-09-30
2009-09-30 13:07:27,1729.0,1729.0,1726.5,1726.5,1441,2009-09-30
2009-09-30 13:08:11,1726.5,1727.25,1726.0,1726.0,1071,2009-09-30
2009-09-30 13:09:00,1726.0,1726.5,1724.75,1725.0,852,2009-09-30
2009-09-30 13:10:09,1724.75,1725.25,1724.25,1724.25,838,2009-09-30
2009-09-30 13:12:08,1724.25,1725.75,1724.25,1725.0,1248,2009-09-30
2009-09-30 13:14:03,1725.0,1726.25,1724.75,1725.5,956,2009-09-30
2009-09-30 13:16:43,1725.5,1725.75,1724.5,1725.0,1136,2009-09-30
2009-09-30 13:18:19,1725.0,1725.5,1724.0,1724.25,1056,2009-09-30
2009-09-30 13:20:34,1724.0,1724.25,1723.5,1724.0,1014,2009-09-30
2009-09-30 13:21:33,1724.25,1725.75,1724.0,1725.75,1479,2009-09-30
2009-09-30 13:23:18,1725.75,1726.25,1725.5,1726.0,834,2009-09-30
2009-09-30 13:25:50,1726.0,1726.0,1724.75,1725.25,1007,2009-09-30
2009-09-30 13:29:30,1725.5,1726.25,1724.75,1725.0,1480,2009-09-30
2009-09-30 13:31:44,1725.0,1726.25,1724.25,1725.75,1355,2009-09-30
2009-09-30 13:34:12,1725.75,1726.0,1725.0,1725.0,1019,2009-09-30
2009-09-30 13:37:13,1725.0,1726.25,1724.75,1725.75,1161,2009-09-30
2009-09-30 13:37:35,1725.75,1725.75,1723.0,1723.0,892,2009-09-30
2009-09-30 13:39:16,1723.0,1723.75,1722.75,1723.25,891,2009-09-30
2009-09-30 13:40:18,1723.25,1723.25,1722.0,1722.75,1410,2009-09-30
2009-09-30 13:42:13,1722.75,1722.75,1721.5,1721.75,883,2009-09-30
2009-09-30 13:43:48,1721.75,1722.5,1721.0,1721.0,1127,2009-09-30
2009-09-30 13:45:18,1721.0,1721.5,1720.25,1721.5,928,2009-09-30
2009-09-30 13:47:32,1721.5,1722.0,1720.5,1721.5,1366,2009-09-30
2009-09-30 13:49:40,1721.5,1723.0,1721.25,1722.5,1026,2009-09-30
2009-09-30 13:51:57,1722.5,1724.5,1722.25,1724.5,1501,2009-09-30
2009-09-30 13:52:59,1724.25,1725.75,1724.25,1725.25,1136,2009-09-30
2009-09-30 13:55:17,1725.25,1725.5,1724.0,1724.25,1649,2009-09-30
2009-09-30 13:57:05,1724.25,1724.75,1722.25,1722.5,832,2009-09-30
2009-09-30 13:59:53,1722.75,1723.75,1722.5,1722.75,846,2009-09-30
2009-09-30 14:01:08,1722.75,1723.25,1721.0,1721.0,910,2009-09-30
2009-09-30 14:02:25,1721.25,1721.25,1720.0,1720.0,1091,2009-09-30
2009-09-30 14:02:45,1720.0,1720.75,1720.0,1720.75,965,2009-09-30
2009-09-30 14:05:16,1720.75,1722.25,1720.25,1722.25,988,2009-09-30
2009-09-30 14:08:51,1722.25,1722.5,1721.25,1721.25,863,2009-09-30
2009-09-30 14:12:37,1721.25,1722.0,1720.5,1720.75,932,2009-09-30
2009-09-30 14:14:51,1720.75,1722.25,1720.0,1722.25,1257,2009-09-30
2009-09-30 14:16:49,1722.0,1723.5,1721.0,1723.25,1508,2009-09-30
2009-09-30 14:20:23,1723.5,1724.0,1722.75,1724.0,1056,2009-09-30
2009-09-30 14:23:27,1723.75,1724.0,1722.0,1722.25,957,2009-09-30
2009-09-30 14:26:28,1722.25,1722.25,1721.0,1722.0,714,2009-09-30
2009-09-30 14:29:22,1722.0,1722.75,1721.5,1722.25,945,2009-09-30
2009-09-30 14:31:04,1722.25,1722.25,1719.75,1719.75,886,2009-09-30
2009-09-30 14:32:32,1719.75,1720.5,1719.5,1720.0,1239,2009-09-30
2009-09-30 14:34:36,1720.0,1721.0,1719.75,1721.0,1038,2009-09-30
2009-09-30 14:36:25,1721.0,1722.0,1720.5,1721.0,1139,2009-09-30
2009-09-30 14:40:22,1721.0,1722.0,1720.5,1721.0,965,2009-09-30
2009-09-30 14:42:26,1721.0,1723.25,1721.0,1722.5,1113,2009-09-30
2009-09-30 14:43:55,1722.5,1724.25,1722.25,1724.25,1133,2009-09-30
2009-09-30 14:46:27,1724.25,1724.75,1723.5,1724.0,993,2009-09-30
2009-09-30 14:49:43,1724.0,1724.0,1721.5,1721.5,1267,2009-09-30
2009-09-30 14:50:28,1721.5,1722.0,1720.75,1720.75,1012,2009-09-30
2009-09-30 14:52:40,1720.75,1721.25,1719.75,1721.0,1136,2009-09-30
2009-09-30 14:54:25,1721.0,1721.0,1718.5,1718.5,1401,2009-09-30
2009-09-30 14:55:32,1719.0,1719.5,1717.75,1718.5,933,2009-09-30
2009-09-30 14:57:30,1718.5,1719.5,1718.0,1719.0,1125,2009-09-30
2009-09-30 14:59:24,1719.0,1719.0,1717.25,1717.5,1045,2009-09-30
2009-09-30 14:59:55,1717.25,1717.75,1716.0,1716.75,874,2009-09-30
2009-09-30 15:00:06,1716.75,1717.0,1715.25,1715.5,1056,2009-09-30
2009-09-30 15:00:30,1715.5,1716.0,1715.0,1715.5,1210,2009-09-30
2009-09-30 15:01:21,1715.5,1715.75,1714.5,1714.75,1032,2009-09-30
2009-09-30 15:01:59,1714.75,1715.25,1714.25,1714.25,1209,2009-09-30
2009-09-30 15:02:57,1714.25,1714.75,1714.0,1714.25,973,2009-09-30
2009-09-30 15:03:39,1714.25,1714.25,1712.25,1712.5,1447,2009-09-30
2009-09-30 15:04:07,1712.5,1713.5,1712.25,1712.75,1188,2009-09-30
2009-09-30 15:04:45,1712.75,1712.75,1711.5,1712.5,1350,2009-09-30
2009-09-30 15:05:57,1712.5,1713.25,1712.0,1712.5,1177,2009-09-30
2009-09-30 15:06:38,1712.5,1712.5,1710.0,1710.5,1356,2009-09-30
2009-09-30 15:07:33,1710.25,1711.0,1710.0,1710.75,1426,2009-09-30
2009-09-30 15:08:56,1710.75,1712.25,1710.5,1712.25,1238,2009-09-30
2009-09-30 15:09:35,1712.0,1712.5,1710.5,1711.5,1070,2009-09-30
2009-09-30 15:10:05,1711.5,1713.25,1711.5,1712.5,1385,2009-09-30
2009-09-30 15:11:32,1712.5,1713.0,1710.5,1711.0,1256,2009-09-30
2009-09-30 15:12:08,1711.0,1711.25,1708.25,1708.5,1980,2009-09-30
2009-09-30 15:12:53,1708.5,1709.75,1708.0,1709.5,1143,2009-09-30
2009-09-30 15:13:59,1709.75,1710.25,1708.25,1710.25,1139,2009-09-30
2009-09-30 15:14:40,1710.25,1710.75,1709.5,1709.75,1227,2009-09-30
2009-09-30 15:15:36,1709.75,1710.75,1709.5,1710.25,1179,2009-09-30
2009-09-30 15:16:23,1710.25,1710.5,1708.25,1708.25,1161,2009-09-30
2009-09-30 15:17:21,1708.25,1710.5,1708.0,1710.25,1193,2009-09-30
2009-09-30 15:18:30,1710.25,1711.75,1709.75,1711.25,1106,2009-09-30
2009-09-30 15:19:32,1711.0,1712.5,1711.0,1712.25,818,2009-09-30
2009-09-30 15:20:46,1712.25,1713.5,1712.0,1713.5,932,2009-09-30
2009-09-30 15:21:40,1713.5,1714.0,1712.5,1712.75,903,2009-09-30
2009-09-30 15:23:49,1713.0,1713.0,1711.0,1711.25,897,2009-09-30
2009-09-30 15:24:41,1711.25,1712.0,1711.0,1711.75,853,2009-09-30
2009-09-30 15:26:26,1711.75,1712.25,1710.75,1712.25,1116,2009-09-30
2009-09-30 15:27:49,1712.25,1714.25,1712.0,1714.25,999,2009-09-30
2009-09-30 15:29:18,1714.25,1714.5,1712.75,1712.75,1185,2009-09-30
2009-09-30 15:29:41,1712.75,1713.0,1710.75,1711.0,1166,2009-09-30
2009-09-30 15:30:24,1711.0,1711.5,1710.0,1710.5,1131,2009-09-30
2009-09-30 15:31:48,1710.5,1712.5,1710.5,1711.75,1228,2009-09-30
2009-09-30 15:33:22,1711.75,1713.75,1711.75,1713.25,1216,2009-09-30
2009-09-30 15:33:56,1713.25,1715.75,1712.5,1715.75,1303,2009-09-30
2009-09-30 15:34:29,1715.75,1715.75,1714.25,1714.5,1299,2009-09-30
2009-09-30 15:35:22,1714.5,1716.0,1714.5,1715.25,880,2009-09-30
2009-09-30 15:36:39,1715.25,1715.5,1712.75,1713.75,1007,2009-09-30
2009-09-30 15:37:21,1713.75,1714.0,1711.75,1712.0,1394,2009-09-30
2009-09-30 15:38:18,1712.0,1714.0,1711.5,1713.5,1014,2009-09-30
2009-09-30 15:40:17,1713.75,1713.75,1712.25,1712.25,1031,2009-09-30
2009-09-30 15:41:20,1712.25,1715.0,1711.75,1715.0,1498,2009-09-30
2009-09-30 15:42:38,1715.0,1715.75,1713.75,1714.0,1232,2009-09-30
2009-09-30 15:43:58,1714.0,1714.75,1712.75,1712.75,1354,2009-09-30
2009-09-30 15:44:19,1712.5,1713.25,1711.75,1712.25,882,2009-09-30
2009-09-30 15:45:20,1712.25,1714.75,1712.25,1713.0,1689,2009-09-30
2009-09-30 15:45:57,1713.0,1713.5,1712.0,1713.5,1198,2009-09-30
2009-09-30 15:46:59,1713.5,1714.0,1712.25,1713.0,967,2009-09-30
2009-09-30 15:48:29,1713.0,1714.5,1712.75,1714.5,1280,2009-09-30
2009-09-30 15:49:14,1714.5,1716.25,1714.0,1715.5,1205,2009-09-30
2009-09-30 15:50:06,1715.75,1717.5,1715.25,1717.25,1107,2009-09-30
2009-09-30 15:50:28,1717.5,1717.75,1716.0,1716.25,2025,2009-09-30
2009-09-30 15:51:04,1716.25,1719.0,1716.25,1718.5,1675,2009-09-30
2009-09-30 15:51:48,1718.5,1719.75,1718.25,1719.25,1419,2009-09-30
2009-09-30 15:52:10,1719.25,1719.25,1717.5,1717.75,1457,2009-09-30
2009-09-30 15:52:37,1717.5,1717.5,1716.75,1717.0,1230,2009-09-30
2009-09-30 15:53:38,1717.0,1718.0,1716.75,1717.5,1635,2009-09-30
2009-09-30 15:54:03,1717.5,1717.5,1715.25,1715.5,1521,2009-09-30
2009-09-30 15:54:58,1715.5,1716.25,1715.25,1716.25,1321,2009-09-30
2009-09-30 15:55:58,1716.25,1716.75,1715.5,1716.0,1274,2009-09-30
2009-09-30 15:56:39,1716.25,1717.25,1716.25,1716.5,1621,2009-09-30
2009-09-30 15:57:18,1716.5,1717.5,1716.25,1717.5,1461,2009-09-30
2009-09-30 15:58:01,1717.5,1717.75,1716.75,1717.25,1435,2009-09-30
2009-09-30 15:58:27,1717.25,1717.5,1715.25,1715.5,1525,2009-09-30
2009-09-30 15:58:52,1715.5,1716.0,1715.0,1715.5,1198,2009-09-30
2009-09-30 15:59:18,1715.5,1715.75,1714.0,1714.25,1166,2009-09-30
2009-09-30 15:59:41,1714.5,1715.0,1714.25,1715.0,997,2009-09-30
2009-09-30 15:59:56,1715.0,1715.25,1714.5,1714.75,1252,2009-09-30
2009-09-30 16:00:00,1714.75,1715.75,1714.25,1715.5,1437,2009-09-30
2009-09-30 16:00:11,1715.5,1716.25,1714.25,1714.25,1478,2009-09-30
2009-09-30 16:00:12,1714.0,1714.75,1711.25,1713.25,1860,2009-09-30
2009-09-30 16:00:23,1713.25,1714.0,1711.25,1711.75,1626,2009-09-30
2009-09-30 16:00:42,1711.75,1713.75,1711.5,1713.5,1555,2009-09-30
2009-09-30 16:01:29,1713.5,1715.25,1713.25,1714.5,1481,2009-09-30
2009-09-30 16:02:31,1714.5,1715.25,1713.5,1715.0,1705,2009-09-30
2009-09-30 16:03:41,1715.0,1716.25,1715.0,1715.25,1853,2009-09-30
2009-09-30 16:06:37,1715.25,1716.5,1714.75,1715.0,1804,2009-09-30
2009-09-30 16:09:43,1715.0,1716.5,1714.75,1715.75,1554,2009-09-30
2009-09-30 16:11:41,1715.5,1717.25,1715.5,1716.25,1838,2009-09-30
2009-09-30 16:14:19,1716.25,1716.5,1714.5,1716.5,1611,2009-09-30
2009-09-30 16:32:06,1716.5,1717.75,1714.25,1714.25,1323,2009-09-30
2009-09-30 16:36:34,1714.25,1715.5,1713.25,1715.25,950,2009-09-30
2009-09-30 18:15:34,1715.25,1715.25,1712.75,1713.75,1034,2009-09-30
2009-09-30 19:09:42,1713.75,1718.0,1712.75,1717.5,2086,2009-09-30
2009-09-30 20:34:37,1717.5,1718.5,1716.75,1717.5,810,2009-09-30
2009-09-30 20:52:49,1717.75,1726.75,1717.75,1719.5,906,2009-09-30
2009-09-30 21:35:57,1719.5,1719.5,1714.25,1714.25,654,2009-09-30
2009-09-30 22:36:01,1714.25,1714.75,1712.25,1713.25,536,2009-09-30
2009-09-30 23:59:56,1713.0,1714.25,1712.0,1714.0,389,2009-09-30
